Code,URL,QR_Image
qtjyhrpn,https://svatba.maskova.wohlrath.cz/?code=qtjyhrpn,qtjyhrpn.svg
rm3utbcq,https://svatba.maskova.wohlrath.cz/?code=rm3utbcq,rm3utbcq.svg
cz6tz5i9,https://svatba.maskova.wohlrath.cz/?code=cz6tz5i9,cz6tz5i9.svg
qjufmrkm,https://svatba.maskova.wohlrath.cz/?code=qjufmrkm,qjufmrkm.svg
mhtjx6xp,https://svatba.maskova.wohlrath.cz/?code=mhtjx6xp,mhtjx6xp.svg
byfpxsh6,https://svatba.maskova.wohlrath.cz/?code=byfpxsh6,byfpxsh6.svg
vbae3zke,https://svatba.maskova.wohlrath.cz/?code=vbae3zke,vbae3zke.svg
etuyk8ea,https://svatba.maskova.wohlrath.cz/?code=etuyk8ea,etuyk8ea.svg
ufiak3c5,https://svatba.maskova.wohlrath.cz/?code=ufiak3c5,ufiak3c5.svg
6ziaw7jp,https://svatba.maskova.wohlrath.cz/?code=6ziaw7jp,6ziaw7jp.svg
wwx6e3y6,https://svatba.maskova.wohlrath.cz/?code=wwx6e3y6,wwx6e3y6.svg
77bpad3e,https://svatba.maskova.wohlrath.cz/?code=77bpad3e,77bpad3e.svg
vz6vp7uj,https://svatba.maskova.wohlrath.cz/?code=vz6vp7uj,vz6vp7uj.svg
rpxe3srs,https://svatba.maskova.wohlrath.cz/?code=rpxe3srs,rpxe3srs.svg
zmf63bt7,https://svatba.maskova.wohlrath.cz/?code=zmf63bt7,zmf63bt7.svg
e3y9zdi5,https://svatba.maskova.wohlrath.cz/?code=e3y9zdi5,e3y9zdi5.svg
9yk8cua8,https://svatba.maskova.wohlrath.cz/?code=9yk8cua8,9yk8cua8.svg
j5t8hysp,https://svatba.maskova.wohlrath.cz/?code=j5t8hysp,j5t8hysp.svg
ajsmrgrv,https://svatba.maskova.wohlrath.cz/?code=ajsmrgrv,ajsmrgrv.svg
9bjvanmx,https://svatba.maskova.wohlrath.cz/?code=9bjvanmx,9bjvanmx.svg
irgpfi3a,https://svatba.maskova.wohlrath.cz/?code=irgpfi3a,irgpfi3a.svg
gnbewegf,https://svatba.maskova.wohlrath.cz/?code=gnbewegf,gnbewegf.svg
et2nq9ua,https://svatba.maskova.wohlrath.cz/?code=et2nq9ua,et2nq9ua.svg
hz66h6d7,https://svatba.maskova.wohlrath.cz/?code=hz66h6d7,hz66h6d7.svg
5x689hre,https://svatba.maskova.wohlrath.cz/?code=5x689hre,5x689hre.svg
sm26w5vd,https://svatba.maskova.wohlrath.cz/?code=sm26w5vd,sm26w5vd.svg
sr6shpmy,https://svatba.maskova.wohlrath.cz/?code=sr6shpmy,sr6shpmy.svg
5m8k7aar,https://svatba.maskova.wohlrath.cz/?code=5m8k7aar,5m8k7aar.svg
wpkaxwaq,https://svatba.maskova.wohlrath.cz/?code=wpkaxwaq,wpkaxwaq.svg
bpf7ff4x,https://svatba.maskova.wohlrath.cz/?code=bpf7ff4x,bpf7ff4x.svg
hs24f66b,https://svatba.maskova.wohlrath.cz/?code=hs24f66b,hs24f66b.svg
2sdpfefh,https://svatba.maskova.wohlrath.cz/?code=2sdpfefh,2sdpfefh.svg
ep43vu6d,https://svatba.maskova.wohlrath.cz/?code=ep43vu6d,ep43vu6d.svg
edma2w26,https://svatba.maskova.wohlrath.cz/?code=edma2w26,edma2w26.svg
fdym49yy,https://svatba.maskova.wohlrath.cz/?code=fdym49yy,fdym49yy.svg
dqqzu7sd,https://svatba.maskova.wohlrath.cz/?code=dqqzu7sd,dqqzu7sd.svg
azze2928,https://svatba.maskova.wohlrath.cz/?code=azze2928,azze2928.svg
xxgp39i8,https://svatba.maskova.wohlrath.cz/?code=xxgp39i8,xxgp39i8.svg
x3pkkie9,https://svatba.maskova.wohlrath.cz/?code=x3pkkie9,x3pkkie9.svg
e99nnf9p,https://svatba.maskova.wohlrath.cz/?code=e99nnf9p,e99nnf9p.svg
6rsa49xn,https://svatba.maskova.wohlrath.cz/?code=6rsa49xn,6rsa49xn.svg
zpsmytwj,https://svatba.maskova.wohlrath.cz/?code=zpsmytwj,zpsmytwj.svg
ttz5w322,https://svatba.maskova.wohlrath.cz/?code=ttz5w322,ttz5w322.svg
8cdra7ci,https://svatba.maskova.wohlrath.cz/?code=8cdra7ci,8cdra7ci.svg
4xmwq77b,https://svatba.maskova.wohlrath.cz/?code=4xmwq77b,4xmwq77b.svg
it3mkrh2,https://svatba.maskova.wohlrath.cz/?code=it3mkrh2,it3mkrh2.svg
vjmhmemy,https://svatba.maskova.wohlrath.cz/?code=vjmhmemy,vjmhmemy.svg
mj725b3s,https://svatba.maskova.wohlrath.cz/?code=mj725b3s,mj725b3s.svg
jybv4xgc,https://svatba.maskova.wohlrath.cz/?code=jybv4xgc,jybv4xgc.svg
e5yf3p3a,https://svatba.maskova.wohlrath.cz/?code=e5yf3p3a,e5yf3p3a.svg
bcvaugyt,https://svatba.maskova.wohlrath.cz/?code=bcvaugyt,bcvaugyt.svg
ntwmk9vy,https://svatba.maskova.wohlrath.cz/?code=ntwmk9vy,ntwmk9vy.svg
iywwgm3g,https://svatba.maskova.wohlrath.cz/?code=iywwgm3g,iywwgm3g.svg
t3c5pz95,https://svatba.maskova.wohlrath.cz/?code=t3c5pz95,t3c5pz95.svg
de3c78tj,https://svatba.maskova.wohlrath.cz/?code=de3c78tj,de3c78tj.svg
iyuy7gnj,https://svatba.maskova.wohlrath.cz/?code=iyuy7gnj,iyuy7gnj.svg
sqhrn9yx,https://svatba.maskova.wohlrath.cz/?code=sqhrn9yx,sqhrn9yx.svg
njjgtmjz,https://svatba.maskova.wohlrath.cz/?code=njjgtmjz,njjgtmjz.svg
psdwcjph,https://svatba.maskova.wohlrath.cz/?code=psdwcjph,psdwcjph.svg
zts8wxtq,https://svatba.maskova.wohlrath.cz/?code=zts8wxtq,zts8wxtq.svg
derisxhg,https://svatba.maskova.wohlrath.cz/?code=derisxhg,derisxhg.svg
miduim7v,https://svatba.maskova.wohlrath.cz/?code=miduim7v,miduim7v.svg
5ims9vpi,https://svatba.maskova.wohlrath.cz/?code=5ims9vpi,5ims9vpi.svg
q996rcjh,https://svatba.maskova.wohlrath.cz/?code=q996rcjh,q996rcjh.svg
tjrwzkd8,https://svatba.maskova.wohlrath.cz/?code=tjrwzkd8,tjrwzkd8.svg
xbp4jqq7,https://svatba.maskova.wohlrath.cz/?code=xbp4jqq7,xbp4jqq7.svg
6tttzf72,https://svatba.maskova.wohlrath.cz/?code=6tttzf72,6tttzf72.svg
az2skgfr,https://svatba.maskova.wohlrath.cz/?code=az2skgfr,az2skgfr.svg
du8x3z6v,https://svatba.maskova.wohlrath.cz/?code=du8x3z6v,du8x3z6v.svg
wmhijihg,https://svatba.maskova.wohlrath.cz/?code=wmhijihg,wmhijihg.svg
7znqtc98,https://svatba.maskova.wohlrath.cz/?code=7znqtc98,7znqtc98.svg
edgzydi6,https://svatba.maskova.wohlrath.cz/?code=edgzydi6,edgzydi6.svg
h53hmyyg,https://svatba.maskova.wohlrath.cz/?code=h53hmyyg,h53hmyyg.svg
ttnybpme,https://svatba.maskova.wohlrath.cz/?code=ttnybpme,ttnybpme.svg
p6cviwjf,https://svatba.maskova.wohlrath.cz/?code=p6cviwjf,p6cviwjf.svg
6gq2g8dy,https://svatba.maskova.wohlrath.cz/?code=6gq2g8dy,6gq2g8dy.svg
3cvj5mbd,https://svatba.maskova.wohlrath.cz/?code=3cvj5mbd,3cvj5mbd.svg
dh2ittui,https://svatba.maskova.wohlrath.cz/?code=dh2ittui,dh2ittui.svg
jcs38hhf,https://svatba.maskova.wohlrath.cz/?code=jcs38hhf,jcs38hhf.svg
a43i3u87,https://svatba.maskova.wohlrath.cz/?code=a43i3u87,a43i3u87.svg
eb3zeea8,https://svatba.maskova.wohlrath.cz/?code=eb3zeea8,eb3zeea8.svg
3jbspv6f,https://svatba.maskova.wohlrath.cz/?code=3jbspv6f,3jbspv6f.svg
jvsmnyhs,https://svatba.maskova.wohlrath.cz/?code=jvsmnyhs,jvsmnyhs.svg
qkn2yhfd,https://svatba.maskova.wohlrath.cz/?code=qkn2yhfd,qkn2yhfd.svg
rftbi2zf,https://svatba.maskova.wohlrath.cz/?code=rftbi2zf,rftbi2zf.svg
d63ietnq,https://svatba.maskova.wohlrath.cz/?code=d63ietnq,d63ietnq.svg
5mhcamiu,https://svatba.maskova.wohlrath.cz/?code=5mhcamiu,5mhcamiu.svg
myd67v8q,https://svatba.maskova.wohlrath.cz/?code=myd67v8q,myd67v8q.svg
qb5z32ff,https://svatba.maskova.wohlrath.cz/?code=qb5z32ff,qb5z32ff.svg
75ywiqik,https://svatba.maskova.wohlrath.cz/?code=75ywiqik,75ywiqik.svg
qv47bysp,https://svatba.maskova.wohlrath.cz/?code=qv47bysp,qv47bysp.svg
9xnra5gh,https://svatba.maskova.wohlrath.cz/?code=9xnra5gh,9xnra5gh.svg
vcsbhqiz,https://svatba.maskova.wohlrath.cz/?code=vcsbhqiz,vcsbhqiz.svg
at9tsraj,https://svatba.maskova.wohlrath.cz/?code=at9tsraj,at9tsraj.svg
yppxruyr,https://svatba.maskova.wohlrath.cz/?code=yppxruyr,yppxruyr.svg
td9tuj98,https://svatba.maskova.wohlrath.cz/?code=td9tuj98,td9tuj98.svg
kntmi4pv,https://svatba.maskova.wohlrath.cz/?code=kntmi4pv,kntmi4pv.svg
c9kf54zk,https://svatba.maskova.wohlrath.cz/?code=c9kf54zk,c9kf54zk.svg
ctxzwmqd,https://svatba.maskova.wohlrath.cz/?code=ctxzwmqd,ctxzwmqd.svg
i3tbb655,https://svatba.maskova.wohlrath.cz/?code=i3tbb655,i3tbb655.svg
